idTempTemperatures;date;temp
1;23:14:23;24,13
2;23:14:54;24
3;23:15:25;24
4;23:15:56;24
5;23:16:26;23,94
6;23:16:57;23,94
7;23:17:28;24
8;23:17:59;24,06
9;23:18:30;24,13
10;23:19:00;24,06
11;23:19:31;24
12;23:20:02;24
13;23:20:33;24
14;23:21:04;23,94
15;23:21:34;24,06
16;23:22:05;24
17;23:22:36;24,06
18;23:23:07;24
19;23:23:38;24
20;23:24:08;24,06
21;23:24:39;24,06
22;23:25:10;24
23;23:25:41;24
24;23:26:12;24,06
25;23:26:42;24
26;23:27:13;24,13
27;23:27:44;24,06
28;23:28:15;24
29;23:28:46;24,13
30;23:29:16;24,13
31;23:29:47;24
32;23:30:18;24,06
33;23:30:49;24,06
34;23:31:20;24,13
35;23:31:50;24,13
36;23:32:21;24,13
37;23:32:52;24,06
38;23:33:23;24
39;23:33:54;24,13
40;23:34:24;24,13
41;23:34:55;24,13
42;23:35:26;24,06
43;23:35:57;24,19
44;23:36:28;24,19
45;23:36:58;24,13
46;23:37:29;24,13
47;23:38:00;24,13
48;23:38:31;24,19
49;23:39:02;24,19
50;23:39:32;24,25
51;23:40:03;24,13
52;23:40:34;24,13
53;23:41:05;24,19
54;23:41:36;24,19
55;23:42:07;24,19
56;23:42:37;24,25
57;23:43:08;24,19
58;23:43:39;24,25
59;23:44:10;24,19
60;23:44:41;24,19
61;23:45:12;24,19
62;23:45:42;24,19
63;23:46:13;24,25
64;23:46:44;24,19
65;23:47:15;24,25
66;23:47:46;24,25
67;23:48:16;24,25
68;23:48:47;24,25
69;23:49:18;24,25
70;23:49:49;24,31
71;23:50:20;24,25
72;23:50:50;24,31
73;23:51:21;24,31
74;23:51:52;24,38
75;23:52:23;24,31
76;23:52:54;24,31
77;23:53:24;24,31
78;23:53:55;24,31
79;23:54:26;24,25
80;23:54:57;24,19
81;23:55:28;24,19
82;23:55:59;24,19
83;23:56:29;24,19
84;23:57:00;24,19
85;23:57:31;24,19
86;23:58:02;24,25
87;23:58:33;24,25
88;23:59:04;24,25
89;23:59:34;24,25
90;0:00:05;24,25
91;0:00:36;24,25
92;0:01:07;24,25
93;0:01:38;24,31
94;0:02:08;24,31
95;0:02:39;24,25
96;0:03:10;24,25
97;0:03:41;24,25
98;0:04:12;24,19
99;0:04:42;24,19
100;0:05:13;24,19
101;0:05:44;24,19
102;0:06:15;24,19
103;0:06:46;24,19
104;0:07:16;24,25
105;0:07:47;24,25
106;0:08:18;24,25
107;0:08:49;24,19
108;0:09:20;24,19
109;0:09:51;24,25
110;0:10:21;24,25
111;0:10:52;24,25
112;0:11:23;24,25
113;0:11:54;24,25
114;0:12:25;24,25
115;0:12:55;24,25
116;0:13:26;24,19
117;0:13:57;24,19
118;0:14:28;24,19
119;0:14:59;24,19
120;0:15:29;24,19
121;0:16:00;24,13
122;0:16:31;24,19
123;0:17:02;24,06
124;0:17:33;24,13
125;0:18:04;24,25
126;0:18:34;24,19
127;0:19:05;24,19
128;0:19:36;24,25
129;0:20:07;24,13
130;0:20:38;24,25
131;0:21:08;24,25
132;0:21:39;24,19
133;0:22:10;24,19
134;0:22:41;24
135;0:23:12;24,06
136;0:23:42;24
137;0:24:13;24,06
138;0:24:44;24,13
139;0:25:15;24,06
140;0:25:46;24
141;0:26:17;24,06
142;0:26:47;24
143;0:27:18;23,94
144;0:27:49;23,94
145;0:28:20;23,88
146;0:28:51;23,94
147;0:29:21;23,88
148;0:29:52;23,88
149;0:30:23;23,94
150;0:30:54;23,94
151;0:31:25;23,94
152;0:31:55;24
153;0:32:26;23,94
154;0:32:57;23,94
155;0:33:28;23,94
156;0:33:59;23,88
157;0:34:29;23,81
158;0:35:00;23,88
159;0:35:31;23,88
160;0:36:02;23,88
161;0:36:33;23,81
162;0:37:03;23,81
163;0:37:34;23,81
164;0:38:05;23,88
165;0:38:36;23,88
166;0:39:07;23,88
167;0:39:38;23,81
168;0:40:08;23,88
169;0:40:39;23,94
170;0:41:10;23,88
171;0:41:41;23,88
172;0:42:11;23,88
173;0:42:42;23,88
174;0:43:13;23,88
175;0:43:44;23,88
176;0:44:15;23,88
177;0:44:45;23,81
178;0:45:16;23,75
179;0:45:47;23,81
180;0:46:18;23,81
181;0:46:49;23,81
182;0:47:19;23,88
183;0:47:50;23,88
184;0:48:21;23,88
185;0:48:52;23,88
186;0:49:22;23,81
187;0:49:53;23,88
188;0:50:24;23,81
189;0:50:55;23,81
190;0:51:26;23,88
191;0:51:56;23,94
192;0:52:27;23,88
193;0:52:58;23,88
194;0:53:29;23,81
195;0:54:00;23,88
196;0:54:30;23,81
197;0:55:01;23,81
198;0:55:32;23,81
199;0:56:03;23,81
200;0:56:33;23,81
201;0:57:04;23,81
202;0:57:35;23,81
203;0:58:06;23,81
204;0:58:37;23,75
205;0:59:07;23,75
206;0:59:38;23,75
207;1:00:09;23,81
208;1:00:40;23,69
209;1:01:11;23,69
210;1:01:41;23,69
211;1:02:12;23,81
212;1:02:43;23,81
213;1:03:14;23,75
214;1:03:45;23,75
215;1:04:15;23,75
216;1:04:46;23,75
217;1:05:17;23,69
218;1:05:48;23,75
219;1:06:19;23,69
220;1:06:49;23,69
221;1:07:20;23,75
222;1:07:51;23,69
223;1:08:22;23,63
224;1:08:53;23,69
225;1:09:23;23,69
226;1:09:54;23,69
227;1:10:25;23,63
228;1:10:56;23,69
229;1:11:27;23,75
230;1:11:58;23,69
231;1:12:28;23,69
232;1:12:59;23,75
233;1:13:30;23,75
234;1:14:01;23,75
235;1:14:32;23,69
236;1:15:02;23,69
237;1:15:33;23,75
238;1:16:04;23,81
239;1:16:35;23,75
240;1:17:06;23,69
241;1:17:36;23,75
242;1:18:07;23,69
243;1:18:38;23,69
244;1:19:09;23,75
245;1:19:40;23,75
246;1:20:11;23,75
247;1:20:41;23,75
248;1:21:12;23,75
249;1:21:43;23,69
250;1:22:14;23,75
251;1:22:45;23,63
252;1:23:15;23,63
253;1:23:46;23,63
254;1:24:17;23,69
255;1:24:48;23,69
256;1:25:19;23,63
257;1:25:50;23,56
258;1:26:21;23,63
259;1:26:51;23,69
260;1:27:22;23,63
261;1:27:53;23,63
262;1:28:24;23,56
263;1:28:55;23,56
264;1:29:26;23,63
265;1:29:56;23,5
266;1:30:27;23,5
267;1:30:58;23,56
268;1:31:29;23,5
269;1:32:00;23,5
270;1:32:31;23,5
271;1:33:01;23,56
272;1:33:32;23,5
273;1:34:03;23,56
274;1:34:34;23,63
275;1:35:05;23,56
276;1:35:36;23,56
277;1:36:07;23,56
278;1:36:37;23,56
279;1:37:08;23,63
280;1:37:39;23,69
281;1:38:10;23,63
282;1:38:41;23,63
283;1:39:12;23,63
284;1:39:42;23,63
285;1:40:13;23,5
286;1:40:44;23,56
287;1:41:15;23,44
288;1:41:46;23,44
289;1:42:16;23,38
290;1:42:47;23,44
291;1:43:18;23,44
292;1:43:49;23,5
293;1:44:20;23,5
294;1:44:50;23,44
295;1:45:21;23,44
296;1:45:52;23,44
297;1:46:23;23,5
298;1:46:54;23,5
299;1:47:24;23,44
300;1:47:55;23,44
301;1:48:26;23,5
302;1:48:57;23,44
303;1:49:28;23,5
304;1:49:58;23,5
305;1:50:29;23,5
306;1:51:00;23,56
307;1:51:31;23,44
308;1:52:02;23,44
309;1:52:33;23,44
310;1:53:03;23,5
311;1:53:34;23,5
312;1:54:05;23,5
313;1:54:36;23,5
314;1:55:07;23,56
315;1:55:37;23,56
316;1:56:08;23,5
317;1:56:39;23,44
318;1:57:10;23,44
319;1:57:41;23,5
320;1:58:12;23,44
321;1:58:42;23,44
322;1:59:13;23,44
323;1:59:44;23,38
324;2:00:15;23,44
325;2:00:45;23,56
326;2:01:16;23,5
327;2:01:47;23,5
328;2:02:18;23,5
329;2:02:49;23,5
330;2:03:20;23,44
331;2:03:50;23,5
332;2:04:21;23,5
333;2:04:52;23,5
334;2:05:23;23,56
335;2:05:54;23,38
336;2:06:25;23,44
337;2:06:55;23,44
338;2:07:26;23,44
339;2:07:57;23,44
340;2:08:28;23,38
341;2:08:59;23,38
342;2:09:30;23,44
343;2:10:00;23,44
344;2:10:31;23,44
345;2:11:02;23,44
346;2:11:33;23,38
347;2:12:03;23,44
348;2:12:34;23,44
349;2:13:05;23,44
350;2:13:36;23,5
351;2:14:07;23,5
352;2:14:37;23,5
353;2:15:08;23,56
354;2:15:39;23,5
355;2:16:10;23,5
356;2:16:41;23,44
357;2:17:12;23,5
358;2:17:43;23,5
359;2:18:13;23,5
360;2:18:44;23,44
361;2:19:15;23,5
362;2:19:46;23,44
363;2:20:17;23,38
364;2:20:47;23,38
365;2:21:18;23,44
366;2:21:49;23,44
367;2:22:20;23,44
368;2:22:51;23,5
369;2:23:21;23,44
370;2:23:52;23,38
371;2:24:23;23,5
372;2:24:54;23,5
373;2:25:25;23,38
374;2:25:56;23,38
375;2:26:26;23,38
376;2:26:57;23,38
377;2:27:28;23,44
378;2:27:59;23,44
379;2:28:30;23,5
380;2:29:00;23,5
381;2:29:31;23,5
382;2:30:02;23,5
383;2:30:33;23,5
384;2:31:04;23,56
385;2:31:35;23,44
386;2:32:06;23,44
387;2:32:36;23,44
388;2:33:07;23,5
389;2:33:38;23,44
390;2:34:09;23,5
391;2:34:40;23,5
392;2:35:10;23,5
393;2:35:41;23,56
394;2:36:12;23,56
395;2:36:43;23,56
396;2:37:14;23,56
397;2:37:45;23,5
398;2:38:16;23,44
399;2:38:46;23,44
400;2:39:17;23,5
401;2:39:48;23,5
402;2:40:19;23,5
403;2:40:50;23,5
404;2:41:21;23,5
405;2:41:51;23,5
406;2:42:22;23,5
407;2:42:53;23,5
408;2:43:24;23,56
409;2:43:55;23,56
410;2:44:25;23,56
411;2:44:56;23,56
412;2:45:27;23,63
413;2:45:58;23,56
414;2:46:29;23,56
415;2:47:00;23,56
416;2:47:31;23,5
417;2:48:01;23,56
418;2:48:32;23,56
419;2:49:03;23,56
420;2:49:34;23,56
421;2:50:05;23,56
422;2:50:36;23,56
423;2:51:06;23,56
424;2:51:37;23,56
425;2:52:08;23,56
426;2:52:39;23,56
427;2:53:10;23,56
428;2:53:41;23,56
429;2:54:12;23,63
430;2:54:42;23,63
431;2:55:13;23,56
432;2:55:44;23,56
433;2:56:15;23,56
434;2:56:46;23,56
435;2:57:17;23,63
436;2:57:47;23,56
437;2:58:18;23,56
438;2:58:49;23,56
439;2:59:20;23,56
440;2:59:51;23,5
441;3:00:22;23,63
442;3:00:53;23,63
443;3:01:23;23,63
444;3:01:54;23,56
445;3:02:25;23,56
446;3:02:56;23,56
447;3:03:27;23,56
448;3:03:58;23,56
449;3:04:28;23,56
450;3:04:59;23,5
451;3:05:30;23,5
452;3:06:01;23,56
453;3:06:32;23,56
454;3:07:03;23,5
455;3:07:33;23,56
456;3:08:04;23,63
457;3:08:35;23,56
458;3:09:06;23,56
459;3:09:37;23,5
460;3:10:08;23,5
461;3:10:39;23,5
462;3:11:09;23,56
463;3:11:40;23,5
464;3:12:11;23,5
465;3:12:42;23,44
466;3:13:13;23,5
467;3:13:44;23,5
468;3:14:15;23,5
469;3:14:45;23,5
470;3:15:16;23,5
471;3:15:47;23,5
472;3:16:18;23,5
473;3:16:49;23,56
474;3:17:20;23,5
475;3:17:50;23,5
476;3:18:21;23,5
477;3:18:52;23,5
478;3:19:23;23,56
479;3:19:54;23,56
480;3:20:25;23,5
481;3:20:55;23,5
482;3:21:26;23,5
483;3:21:57;23,5
484;3:22:28;23,5
485;3:22:59;23,5
486;3:23:30;23,56
487;3:24:00;23,5
488;3:24:31;23,5
489;3:25:02;23,56
490;3:25:33;23,5
491;3:26:04;23,44
492;3:26:35;23,5
493;3:27:05;23,56
494;3:27:36;23,56
495;3:28:07;23,56
496;3:28:38;23,5
497;3:29:09;23,56
498;3:29:40;23,56
499;3:30:10;23,56
500;3:30:41;23,56
501;3:31:12;23,56
502;3:31:43;23,63
503;3:32:14;23,56
504;3:32:45;23,56
505;3:33:16;23,63
506;3:33:46;23,63
507;3:34:17;23,63
508;3:34:48;23,63
509;3:35:19;23,69
510;3:35:50;23,69
511;3:36:21;23,69
512;3:36:52;23,63
513;3:37:22;23,63
514;3:37:53;23,63
515;3:38:24;23,56
516;3:38:55;23,63
517;3:39:26;23,63
518;3:39:57;23,63
519;3:40:27;23,63
520;3:40:58;23,56
521;3:41:29;23,56
522;3:42:00;23,56
523;3:42:31;23,63
524;3:43:02;23,63
525;3:43:32;23,63
526;3:44:03;23,56
527;3:44:34;23,63
528;3:45:05;23,69
529;3:45:36;23,63
530;3:46:07;23,56
531;3:46:38;23,69
532;3:47:08;23,63
533;3:47:39;23,69
534;3:48:10;23,63
535;3:48:41;23,63
536;3:49:12;23,63
537;3:49:43;23,63
538;3:50:13;23,69
539;3:50:44;23,63
540;3:51:15;23,69
541;3:51:46;23,69
542;3:52:17;23,63
543;3:52:48;23,56
544;3:53:19;23,56
545;3:53:49;23,56
546;3:54:20;23,56
547;3:54:51;23,63
548;3:55:22;23,63
549;3:55:53;23,63
550;3:56:24;23,63
551;3:56:55;23,69
552;3:57:25;23,63
553;3:57:56;23,63
554;3:58:27;23,63
555;3:58:58;23,56
556;3:59:29;23,63
557;4:00:00;23,56
558;4:00:31;23,63
559;4:01:01;23,56
560;4:01:32;23,56
561;4:02:03;23,56
562;4:02:34;23,56
563;4:03:05;23,56
564;4:03:36;23,56
565;4:04:06;23,56
566;4:04:37;23,56
567;4:05:08;23,56
568;4:05:39;23,5
569;4:06:10;23,5
570;4:06:41;23,5
571;4:07:11;23,44
572;4:07:42;23,5
573;4:08:13;23,44
574;4:08:44;23,5
575;4:09:15;23,63
576;4:09:45;23,56
577;4:10:16;23,56
578;4:10:47;23,5
579;4:11:18;23,63
580;4:11:49;23,56
581;4:12:20;23,56
582;4:12:51;23,56
583;4:13:21;23,56
584;4:13:52;23,5
585;4:14:23;23,56
586;4:14:54;23,56
587;4:15:25;23,63
588;4:15:55;23,56
589;4:16:26;23,56
590;4:16:57;23,5
591;4:17:28;23,56
592;4:17:59;23,5
593;4:18:30;23,56
594;4:19:00;23,63
595;4:19:31;23,56
596;4:20:02;23,56
597;4:20:33;23,56
598;4:21:04;23,56
599;4:21:35;23,56
600;4:22:06;23,56
601;4:22:36;23,5
602;4:23:07;23,56
603;4:23:38;23,63
604;4:24:09;23,56
605;4:24:40;23,56
606;4:25:11;23,5
607;4:25:41;23,5
608;4:26:12;23,56
609;4:26:43;23,56
610;4:27:14;23,5
611;4:27:45;23,5
612;4:28:16;23,56
613;4:28:47;23,56
614;4:29:17;23,63
615;4:29:48;23,56
616;4:30:19;23,5
617;4:30:50;23,56
618;4:31:21;23,63
619;4:31:52;23,56
620;4:32:22;23,63
621;4:32:53;23,56
622;4:33:24;23,56
623;4:33:55;23,44
624;4:34:26;23,5
625;4:34:57;23,5
626;4:35:27;23,44
627;4:35:58;23,5
628;4:36:29;23,5
629;4:37:00;23,44
630;4:37:31;23,44
631;4:38:01;23,44
632;4:38:32;23,44
633;4:39:03;23,44
634;4:39:34;23,44
635;4:40:05;23,38
636;4:40:35;23,44
637;4:41:06;23,44
638;4:41:37;23,38
639;4:42:08;23,44
640;4:42:38;23,38
641;4:43:09;23,38
642;4:43:40;23,44
643;4:44:11;23,38
644;4:44:42;23,38
645;4:45:12;23,38
646;4:45:43;23,38
647;4:46:14;23,38
648;4:46:45;23,38
649;4:47:15;23,31
650;4:47:46;23,31
651;4:48:17;23,38
652;4:48:48;23,38
653;4:49:19;23,38
654;4:49:50;23,38
655;4:50:20;23,31
656;4:50:51;23,38
657;4:51:22;23,31
658;4:51:53;23,38
659;4:52:24;23,38
660;4:52:54;23,38
661;4:53:25;23,38
662;4:53:56;23,38
663;4:54:27;23,44
664;4:54:57;23,38
665;4:55:28;23,44
666;4:55:59;23,44
667;4:56:30;23,44
668;4:57:01;23,44
669;4:57:31;23,44
670;4:58:02;23,5
671;4:58:33;23,44
672;4:59:04;23,38
673;4:59:35;23,5
674;5:00:05;23,5
675;5:00:36;23,44
676;5:01:07;23,44
677;5:01:38;23,44
678;5:02:09;23,38
679;5:02:39;23,38
680;5:03:10;23,44
681;5:03:41;23,44
682;5:04:12;23,38
683;5:04:43;23,44
684;5:05:13;23,44
685;5:05:44;23,38
686;5:06:15;23,44
687;5:06:46;23,44
688;5:07:17;23,44
689;5:07:47;23,44
690;5:08:18;23,44
691;5:08:49;23,31
692;5:09:20;23,31
693;5:09:51;23,38
694;5:10:21;23,38
695;5:10:52;23,38
696;5:11:23;23,44
697;5:11:54;23,38
698;5:12:25;23,44
699;5:12:55;23,44
700;5:13:26;23,38
701;5:13:57;23,38
702;5:14:28;23,38
703;5:14:59;23,44
704;5:15:29;23,38
705;5:16:00;23,38
706;5:16:31;23,38
707;5:17:02;23,38
708;5:17:33;23,38
709;5:18:03;23,38
710;5:18:34;23,31
711;5:19:05;23,31
712;5:19:36;23,38
713;5:20:07;23,44
714;5:20:37;23,44
715;5:21:08;23,44
716;5:21:39;23,38
717;5:22:10;23,38
718;5:22:41;23,44
719;5:23:11;23,44
720;5:23:42;23,44
721;5:24:13;23,44
722;5:24:44;23,38
723;5:25:14;23,38
724;5:25:45;23,38
725;5:26:16;23,38
726;5:26:47;23,44
727;5:27:18;23,44
728;5:27:49;23,44
729;5:28:19;23,44
730;5:28:50;23,38
731;5:29:21;23,38
732;5:29:52;23,38
733;5:30:23;23,38
734;5:30:53;23,38
735;5:31:24;23,31
736;5:31:55;23,38
737;5:32:26;23,31
738;5:32:57;23,38
739;5:33:27;23,38
740;5:33:58;23,31
741;5:34:29;23,31
742;5:35:00;23,31
743;5:35:31;23,31
744;5:36:01;23,31
745;5:36:32;23,25
746;5:37:03;23,31
747;5:37:34;23,38
748;5:38:05;23,44
749;5:38:35;23,38
750;5:39:06;23,38
751;5:39:37;23,31
752;5:40:08;23,31
753;5:40:39;23,38
754;5:41:10;23,31
755;5:41:40;23,38
756;5:42:11;23,38
757;5:42:42;23,38
758;5:43:13;23,44
759;5:43:44;23,38
760;5:44:15;23,44
761;5:44:45;23,38
762;5:45:16;23,38
763;5:45:47;23,38
764;5:46:18;23,38
765;5:46:49;23,38
766;5:47:19;23,38
767;5:47:50;23,38
768;5:48:21;23,44
769;5:48:52;23,44
770;5:49:23;23,38
771;5:49:54;23,38
772;5:50:24;23,44
773;5:50:55;23,5
774;5:51:26;23,44
775;5:51:57;23,44
776;5:52:28;23,44
777;5:52:58;23,5
778;5:53:29;23,44
779;5:54:00;23,44
780;5:54:31;23,44
781;5:55:02;23,38
782;5:55:32;23,44
783;5:56:03;23,38
784;5:56:34;23,38
785;5:57:05;23,31
786;5:57:35;23,25
787;5:58:06;23,31
788;5:58:37;23,38
789;5:59:08;23,38
790;5:59:39;23,38
791;6:00:10;23,38
792;6:00:40;23,38
793;6:01:11;23,38
794;6:01:42;23,31
795;6:02:13;23,31
796;6:02:44;23,38
797;6:03:14;23,38
798;6:03:45;23,31
799;6:04:16;23,31
800;6:04:47;23,31
801;6:05:18;23,31
802;6:05:48;23,25
803;6:06:19;23,25
804;6:06:50;23,25
805;6:07:21;23,31
806;6:07:52;23,31
807;6:08:22;23,31
808;6:08:53;23,31
809;6:09:24;23,31
810;6:09:55;23,31
811;6:10:25;23,31
812;6:10:56;23,31
813;6:11:27;23,31
814;6:11:58;23,25
815;6:12:29;23,25
816;6:13:00;23,31
817;6:13:30;23,31
818;6:14:01;23,25
819;6:14:32;23,31
820;6:15:03;23,31
821;6:15:34;23,31
822;6:16:04;23,31
823;6:16:35;23,25
824;6:17:06;23,25
825;6:17:37;23,31
826;6:18:08;23,25
827;6:18:38;23,31
828;6:19:09;23,31
829;6:19:40;23,31
830;6:20:11;23,31
831;6:20:41;23,31
832;6:21:12;23,31
833;6:21:43;23,31
834;6:22:14;23,25
835;6:22:45;23,25
836;6:23:16;23,25
837;6:23:46;23,25
838;6:24:17;23,31
839;6:24:48;23,38
840;6:25:19;23,38
841;6:25:50;23,31
842;6:26:20;23,31
843;6:26:51;23,31
844;6:27:22;23,19
845;6:27:53;23,19
846;6:28:24;23,25
847;6:28:54;23,19
848;6:29:25;23,25
849;6:29:56;23,31
850;6:30:27;23,31
851;6:30:58;23,38
852;6:31:28;23,31
853;6:31:59;23,31
854;6:32:30;23,31
855;6:33:01;23,31
856;6:33:32;23,25
857;6:34:02;23,31
858;6:34:33;23,31
859;6:35:04;23,31
860;6:35:35;23,38
861;6:36:06;23,38
862;6:36:36;23,38
863;6:37:07;23,38
864;6:37:38;23,38
865;6:38:09;23,38
866;6:38:40;23,31
867;6:39:10;23,38
868;6:39:41;23,31
869;6:40:12;23,25
870;6:40:43;23,25
871;6:41:14;23,31
872;6:41:44;23,31
873;6:42:15;23,31
874;6:42:46;23,25
875;6:43:17;23,31
876;6:43:48;23,31
877;6:44:18;23,31
878;6:44:49;23,31
879;6:45:20;23,31
880;6:45:51;23,31
881;6:46:22;23,31
882;6:46:52;23,25
883;6:47:23;23,25
884;6:47:54;23,25
885;6:48:25;23,31
886;6:48:56;23,31
887;6:49:26;23,25
888;6:49:57;23,25
889;6:50:28;23,25
890;6:50:59;23,31
891;6:51:30;23,31
892;6:52:00;23,25
893;6:52:31;23,25
894;6:53:02;23,25
895;6:53:33;23,31
896;6:54:04;23,25
897;6:54:34;23,25
898;6:55:05;23,19
899;6:55:36;23,25
900;6:56:07;23,25
901;6:56:38;23,31
902;6:57:08;23,31
903;6:57:39;23,25
904;6:58:10;23,25
905;6:58:41;23,25
906;6:59:12;23,19
907;6:59:42;23,19
908;7:00:13;23,13
909;7:00:44;23,19
910;7:01:15;23,25
911;7:01:46;23,25
912;7:02:16;23,25
913;7:02:47;23,25
914;7:03:18;23,19
915;7:03:49;23,25
916;7:04:20;23,31
917;7:04:50;23,19
918;7:05:21;23,19
919;7:05:52;23,19
920;7:06:23;23,19
921;7:06:54;23,25
922;7:07:24;23,25
923;7:07:55;23,19
924;7:08:26;23,13
925;7:08:57;23,13
926;7:09:28;23,06
927;7:09:59;23,06
928;7:10:29;23,13
929;7:11:00;23,13
930;7:11:31;23,13
931;7:12:02;23,13
932;7:12:33;23,19
933;7:13:04;23,19
934;7:13:34;23,13
935;7:14:05;23,13
936;7:14:36;23,19
937;7:15:07;23,06
938;7:15:38;23,13
939;7:16:09;23
940;7:16:39;23,06
941;7:17:10;23,13
942;7:17:41;23,13
943;7:18:43;23,06
944;7:19:14;23,13
945;7:19:44;23,19
946;7:20:15;23,19
947;7:20:46;23,19
948;7:21:17;23,25
949;7:21:48;23,25
950;7:22:18;23,19
951;7:22:49;23,13
952;7:23:20;23,06
953;7:23:51;23,19
954;7:24:22;23,13
955;7:24:53;23,13
956;7:25:23;23,06
957;7:25:54;23,13
958;7:26:25;23,13
959;7:26:56;23,19
960;7:27:27;23,06
961;7:27:58;23,19
962;7:28:28;23,25
963;7:28:59;23,19
964;7:29:30;23,19
965;7:30:01;23,25
966;7:30:32;23,25
967;7:31:02;23,31
968;7:31:33;23,31
969;7:32:04;23,31
970;7:32:35;23,31
971;7:33:06;23,31
972;7:33:36;23,31
973;7:34:07;23,31
974;7:35:09;23,25
975;7:35:40;23,25
976;7:36:10;23,31
977;7:36:41;23,31
978;7:37:12;23,31
979;7:37:43;23,31
980;7:38:13;23,31
981;7:38:44;23,31
982;7:39:15;23,31
983;7:39:46;23,25
984;7:40:17;23,25
985;7:40:48;23,19
986;7:41:18;23,25
987;7:41:49;23,19
988;7:42:20;23,19
989;7:42:51;23,25
990;7:43:21;23,25
991;7:43:52;23,25
992;7:44:23;23,25
993;7:44:54;23,31
994;7:45:25;23,25
995;7:45:56;23,25
996;7:46:26;23,31
997;7:46:57;23,38
998;7:47:28;23,31
999;7:47:59;23,31
1000;7:48:30;23,31
1001;7:49:00;23,25
1002;7:49:31;23,25
1003;7:50:02;23,31
1004;7:50:33;23,31
1005;7:51:04;23,31
1006;7:51:34;23,31
1007;7:52:05;23,31
1008;7:52:36;23,31
1009;7:53:07;23,38
1010;7:54:08;23,44
1011;7:54:39;23,44
1012;7:55:10;23,44
1013;7:55:41;23,38
1014;7:56:12;23,38
1015;7:56:42;23,38
1016;7:57:13;23,38
1017;7:57:44;23,44
1018;7:58:15;23,44
1019;7:58:46;23,44
1020;7:59:16;23,5
1021;7:59:47;23,44
1022;8:00:18;23,44
1023;8:00:49;23,38
1024;8:01:20;23,38
1025;8:01:50;23,31
1026;8:02:21;23,25
1027;8:02:52;23,31
1028;8:03:23;23,25
1029;8:03:54;23,25
1030;8:04:24;23,25
1031;8:04:55;23,31
1032;8:05:26;23,31
1033;8:05:57;23,31
1034;8:06:28;23,25
1035;8:06:58;23,19
1036;8:07:29;23,19
1037;8:08:00;23,19
1038;8:08:31;23,19
1039;8:09:02;23,25
1040;8:09:33;23,19
1041;8:10:03;23,13
1042;8:10:34;23,13
1043;8:11:05;23,06
1044;8:11:36;23,06
1045;8:12:07;23,13
1046;8:12:38;23,19
1047;8:13:08;23,25
1048;8:13:39;23,25
1049;8:14:10;23,25
1050;8:14:41;23,25
1051;8:15:12;23,31
1052;8:15:42;23,19
1053;8:16:13;23,19
1054;8:16:44;23,19
1055;8:17:15;23,19
1056;8:17:46;23,19
1057;8:18:17;23,19
1058;8:18:47;23,19
1059;8:19:18;23,06
1060;8:19:49;23,13
1061;8:20:20;23,25
1062;8:20:51;23,19
1063;8:21:21;23,19
1064;8:21:52;23,19
1065;8:22:23;23,19
1066;8:22:54;23,13
1067;8:23:25;23,25
1068;8:23:56;23,25
1069;8:24:26;23,25
1070;8:24:57;23,25
1071;8:25:28;23,19
1072;8:25:59;23,25
1073;8:26:30;23,25
1074;8:27:00;23,19
1075;8:27:31;23,19
1076;8:28:02;23,19
1077;8:28:33;23,19
1078;8:29:04;23,25
1079;8:29:34;23,19
1080;8:30:05;23,19
1081;8:30:36;23,19
1082;8:31:07;23,25
1083;8:31:38;23,19
1084;8:32:08;23,13
1085;8:32:39;23,13
1086;8:33:10;23,06
1087;8:33:41;23,19
1088;8:34:12;23,13
1089;8:34:43;23,13
1090;8:35:14;23,19
1091;8:35:44;23,25
1092;8:36:15;23,31
1093;8:36:46;23,25
1094;8:37:17;23,31
1095;8:37:48;23,31
1096;8:38:18;23,25
1097;8:38:49;23,31
1098;8:39:20;23,31
1099;8:39:51;23,25
1100;8:40:22;23,31
1101;8:40:52;23,25
1102;8:41:23;23,19
1103;8:41:54;23,19
1104;8:42:25;23,13
1105;8:42:56;23,13
1106;8:43:27;23,06
1107;8:43:57;23,06
1108;8:44:28;23,13
1109;8:44:59;23,06
1110;8:45:30;23
1111;8:46:01;23,13
1112;8:46:32;23,13
1113;8:47:02;23,13
1114;8:47:33;23,13
1115;8:48:04;23,13
1116;8:48:35;23,06
1117;8:49:06;23,06
1118;8:49:37;23,13
1119;8:50:07;23,06
1120;8:50:38;23
1121;8:51:09;23,06
1122;8:51:40;23,06
1123;8:52:11;23,06
1124;8:52:42;23,06
1125;8:53:12;23,06
1126;8:53:43;23,06
1127;8:54:14;23
1128;8:54:45;23
1129;8:55:16;23,06
1130;8:55:47;23,06
1131;8:56:17;23,06
1132;8:56:48;23,06
1133;8:57:19;23,19
1134;8:57:50;23,19
1135;8:58:21;23,13
1136;8:58:51;23,13
1137;8:59:22;23,13
1138;8:59:53;23,13
1139;9:00:24;23,13
1140;9:00:55;23,19
1141;9:01:26;23,19
1142;9:01:57;23,13
1143;9:02:27;23,19
1144;9:02:58;23,25
1145;9:03:29;23,25
1146;9:04:00;23,13
1147;9:04:31;23,19
1148;9:05:01;23,25
1149;9:05:32;23,19
1150;9:06:03;23,19
1151;9:06:34;23,25
1152;9:07:05;23,25
1153;9:07:35;23,19
1154;9:08:06;23,13
1155;9:08:37;23,19
1156;9:09:08;23,19
1157;9:09:39;23,19
1158;9:10:10;23,25
1159;9:10:40;23,19
1160;9:11:11;23,19
1161;9:11:42;23,19
1162;9:12:13;23,19
1163;9:12:44;23,13
1164;9:13:14;23,06
1165;9:13:45;23,13
1166;9:14:16;23,06
1167;9:14:47;23,13
1168;9:15:18;23,19
1169;9:15:49;23,13
1170;9:16:19;23,06
1171;9:16:50;23,13
1172;9:17:21;23,19
1173;9:17:52;23,19
1174;9:18:23;23,06
1175;9:18:54;23,06
1176;9:19:24;23,06
1177;9:19:55;23,06
1178;9:20:26;23,06
1179;9:20:57;23,06
1180;9:21:28;23,13
1181;9:21:59;23,19
1182;9:22:29;23,13
1183;9:23:00;23,13
1184;9:23:31;23,19
1185;9:24:02;23,19
1186;9:24:33;23,19
1187;9:25:03;23,19
1188;9:25:34;23,13
1189;9:26:05;23,06
1190;9:26:36;23,13
1191;9:27:07;23,06
1192;9:27:38;23,06
1193;9:28:08;23
1194;9:28:39;23,06
1195;9:29:10;23,06
1196;9:29:41;23,06
1197;9:30:12;23,06
1198;9:30:43;23
1199;9:31:13;23
1200;9:31:44;23
1201;9:32:15;23,06
1202;9:32:46;23
1203;9:33:17;22,94
1204;9:33:48;22,94
1205;9:34:18;22,94
1206;9:34:49;22,94
1207;9:35:20;22,94
1208;9:35:51;22,94
1209;9:36:22;22,88
1210;9:36:52;22,94
1211;9:37:23;22,94
1212;9:37:54;23
1213;9:38:25;22,94
1214;9:38:56;22,88
1215;9:39:27;22,94
1216;9:39:57;22,94
1217;9:40:28;22,94
1218;9:40:59;22,88
1219;9:41:30;23
1220;9:42:01;23
1221;9:42:31;22,94
1222;9:43:02;23
1223;9:43:33;23
1224;9:44:04;23
1225;9:44:35;23
1226;9:45:06;23
1227;9:45:36;22,94
1228;9:46:07;22,94
1229;9:46:38;22,94
1230;9:47:09;23
1231;9:47:40;23
1232;9:48:11;23
1233;9:48:41;23
1234;9:49:12;23,06
1235;9:49:43;23
1236;9:50:14;23
1237;9:50:45;23
1238;9:51:16;23
1239;9:51:46;23
1240;9:52:17;23
1241;9:52:48;22,94
1242;9:53:19;22,94
1243;9:53:50;22,94
1244;9:54:21;23
1245;9:54:51;23
1246;9:55:22;23,06
1247;9:55:53;23,13
1248;9:56:24;23,13
1249;9:56:55;23,13
1250;9:57:26;23,13
1251;9:57:56;23,06
1252;9:58:27;23
1253;9:58:58;23,06
1254;9:59:29;23,06
1255;10:00:00;23,06
1256;10:00:31;23,06
1257;10:01:02;23,06
1258;10:01:32;23,06
1259;10:02:03;23,06
1260;10:02:34;23,06
1261;10:03:05;23
1262;10:03:36;23,06
1263;10:04:06;23,13
1264;10:04:37;23,06
1265;10:05:08;23
1266;10:05:39;23,06
1267;10:06:10;23,06
1268;10:06:41;23,06
1269;10:07:11;22,94
1270;10:07:42;22,94
1271;10:08:13;22,94
1272;10:08:44;23
1273;10:09:15;22,94
1274;10:09:46;22,94
1275;10:10:16;22,94
1276;10:10:47;23
1277;10:11:18;23
1278;10:11:49;23,06
1279;10:12:20;23,06
1280;10:12:51;23,13
1281;10:13:22;23,13
1282;10:13:52;23
1283;10:14:23;23,06
1284;10:14:54;23,06
1285;10:15:25;23,13
1286;10:15:56;23,13
1287;10:16:27;23,13
1288;10:16:57;23,13
1289;10:17:28;23,13
1290;10:17:59;23,13
1291;10:18:30;23,06
1292;10:19:01;23,06
1293;10:19:32;23,06
1294;10:20:02;23,06
1295;10:20:33;23,06
1296;10:21:04;23,06
1297;10:21:35;23,06
1298;10:22:06;23,06
1299;10:22:37;23,06
1300;10:23:07;23,06
1301;10:23:38;23,06
1302;10:24:09;23,13
1303;10:24:40;23,13
1304;10:25:11;23,19
1305;10:25:42;23,13
1306;10:26:12;23,13
1307;10:26:43;23,13
1308;10:27:14;23,19
1309;10:27:45;23,13
1310;10:28:16;23,19
1311;10:28:47;23,13
1312;10:29:18;23,19
1313;10:29:48;23,19
1314;10:30:19;23,19
1315;10:30:50;23,19
1316;10:31:21;23,13
1317;10:31:52;23,19
1318;10:32:22;23,13
1319;10:32:53;23,13
1320;10:33:24;23,19
1321;10:33:55;23,19
1322;10:34:26;23,19
1323;10:34:57;23,13
1324;10:35:27;23,13
1325;10:35:58;23,13
1326;10:36:29;23,13
1327;10:37:00;23,13
1328;10:37:31;23,13
1329;10:38:02;23,13
1330;10:38:32;23,13
1331;10:39:03;23,13
1332;10:39:34;23,06
1333;10:40:05;23,06
1334;10:40:36;23,13
1335;10:41:07;23,13
1336;10:41:38;23,06
1337;10:42:08;23,06
1338;10:42:39;23,13
1339;10:43:10;23,19
1340;10:43:41;23,13
1341;10:44:12;23,13
1342;10:44:42;23,13
1343;10:45:13;23,13
1344;10:45:44;23,19
1345;10:46:15;23,19
1346;10:46:46;23,13
1347;10:47:17;23,19
1348;10:47:47;23,19
1349;10:48:18;23,13
1350;10:48:49;23,19
1351;10:49:20;23,13
1352;10:49:51;23,13
1353;10:50:22;23,13
1354;10:50:52;23,13
1355;10:51:23;23,19
1356;10:51:54;23,19
1357;10:52:25;23,19
1358;10:52:56;23,19
1359;10:53:27;23,19
1360;10:53:57;23,13
1361;10:54:28;23,13
1362;10:54:59;23,13
1363;10:55:30;23,13
1364;10:56:01;23,13
1365;10:56:32;23,19
1366;10:57:02;23,19
1367;10:57:33;23,13
1368;10:58:04;23,13
1369;10:58:35;23,19
1370;10:59:06;23,13
1371;10:59:36;23,13
1372;11:00:07;23,13
1373;11:00:38;23,19
1374;11:01:09;23,06
1375;11:01:40;23,06
1376;11:02:11;23,06
1377;11:02:41;23,06
1378;11:03:12;23,06
1379;11:03:43;23,13
1380;11:04:14;23,13
1381;11:04:45;23,13
1382;11:05:16;23,13
1383;11:05:46;23,13
1384;11:06:17;23,13
1385;11:06:48;23,19
1386;11:07:19;23,19
1387;11:07:50;23,19
1388;11:08:21;23,19
1389;11:08:51;23,13
1390;11:09:22;23,13
1391;11:09:53;23,13
1392;11:10:24;23,13
1393;11:10:55;23,13
1394;11:11:26;23,13
1395;11:11:57;23,19
1396;11:12:27;23,19
1397;11:12:58;23,19
1398;11:13:29;23,13
1399;11:14:00;23,13
1400;11:14:31;23,13
1401;11:15:01;23,13
1402;11:15:32;23,13
1403;11:16:03;23,19
1404;11:16:34;23,19
1405;11:17:05;23,06
1406;11:17:35;23,13
1407;11:18:06;23,19
1408;11:18:37;23,19
1409;11:19:08;23,19
1410;11:19:39;23,13
1411;11:20:10;23,19
1412;11:20:40;23,19
1413;11:21:11;23,19
1414;11:21:42;23,13
1415;11:22:13;23,19
1416;11:22:44;23,19
1417;11:23:14;23,13
1418;11:23:45;23,13
1419;11:24:16;23,13
1420;11:24:47;23,19
1421;11:25:18;23,19
1422;11:25:49;23,19
1423;11:26:19;23,13
1424;11:26:50;23,13
1425;11:27:21;23,19
1426;11:27:52;23,19
1427;11:28:23;23,19
1428;11:28:54;23,19
1429;11:29:24;23,19
1430;11:29:55;23,19
1431;11:30:26;23,19
1432;11:30:57;23,25
1433;11:31:28;23,19
1434;11:31:58;23,19
1435;11:32:29;23,19
1436;11:33:00;23,25
1437;11:33:31;23,19
1438;11:34:02;23,19
1439;11:34:32;23,19
1440;11:35:03;23,19
1441;11:35:34;23,25
1442;11:36:05;23,19
1443;11:36:36;23,19
1444;11:37:07;23,19
1445;11:37:37;23,19
1446;11:38:08;23,19
1447;11:38:39;23,13
1448;11:39:10;23,19
1449;11:39:41;23,19
1450;11:40:11;23,19
1451;11:40:42;23,19
1452;11:41:13;23,19
1453;11:41:44;23,19
1454;11:42:15;23,25
1455;11:42:45;23,19
1456;11:43:16;23,19
1457;11:43:47;23,19
1458;11:44:18;23,19
1459;11:44:49;23,13
1460;11:45:20;23,13
1461;11:45:50;23,19
1462;11:46:21;23,19
1463;11:46:52;23,25
1464;11:47:23;23,25
1465;11:47:54;23,25
1466;11:48:24;23,19
1467;11:48:55;23,19
1468;11:49:26;23,19
1469;11:49:57;23,19
1470;11:50:28;23,19
1471;11:50:58;23,25
1472;11:51:29;23,19
1473;11:52:00;23,25
1474;11:52:31;23,25
1475;11:53:02;23,19
1476;11:53:33;23,19
1477;11:54:03;23,31
1478;11:54:34;23,19
1479;11:55:05;23,19
1480;11:55:36;23,25
1481;11:56:07;23,19
1482;11:56:37;23,25
1483;11:57:08;23,25
1484;11:57:39;23,19
1485;11:58:10;23,25
1486;11:58:41;23,19
1487;11:59:11;23,19
1488;11:59:42;23,19
1489;12:00:13;23,19
1490;12:00:44;23,19
1491;12:01:15;23,19
1492;12:01:46;23,19
1493;12:02:16;23,19
1494;12:02:47;23,19
1495;12:03:18;23,25
1496;12:03:49;23,19
1497;12:04:20;23,19
1498;12:04:50;23,19
1499;12:05:21;23,19
1500;12:05:52;23,19
1501;12:06:23;23,19
1502;12:06:54;23,19
1503;12:07:24;23,13
1504;12:07:55;23,19
1505;12:08:26;23,25
1506;12:08:57;23,19
1507;12:09:28;23,19
1508;12:09:59;23,19
1509;12:10:29;23,19
1510;12:11:00;23,25
1511;12:11:31;23,19
1512;12:12:02;23,25
1513;12:12:33;23,13
1514;12:13:03;23,13
1515;12:13:34;23,19
1516;12:14:05;23,25
1517;12:14:36;23,19
1518;12:15:07;23,19
1519;12:15:38;23,25
1520;12:16:08;23,25
1521;12:16:39;23,19
1522;12:17:10;23,13
1523;12:17:41;23,19
1524;12:18:12;23,19
1525;12:18:42;23,19
1526;12:19:13;23,19
1527;12:19:44;23,25
1528;12:20:15;23,25
1529;12:20:46;23,25
1530;12:21:17;23,25
1531;12:21:47;23,25
1532;12:22:18;23,31
1533;12:22:49;23,31
1534;12:23:20;23,25
1535;12:23:51;23,25
1536;12:24:21;23,25
1537;12:24:52;23,19
1538;12:25:23;23,25
1539;12:25:54;23,19
1540;12:26:25;23,19
1541;12:26:55;23,25
1542;12:27:26;23,25
1543;12:27:57;23,25
1544;12:28:28;23,19
1545;12:28:59;23,25
1546;12:29:29;23,19
1547;12:30:00;23,25
1548;12:30:31;23,19
1549;12:31:02;23,19
1550;12:31:33;23,19
1551;12:32:03;23,19
1552;12:32:34;23,19
1553;12:33:05;23,19
1554;12:33:36;23,25
1555;12:34:07;23,25
1556;12:34:37;23,25
1557;12:35:08;23,19
1558;12:35:39;23,25
1559;12:36:10;23,19
1560;12:36:41;23,25
1561;12:37:11;23,31
1562;12:37:42;23,25
1563;12:38:13;23,25
1564;12:38:44;23,25
1565;12:39:15;23,25
1566;12:39:45;23,25
1567;12:40:16;23,25
1568;12:40:47;23,25
1569;12:41:18;23,25
1570;12:41:49;23,25
1571;12:42:19;23,25
1572;12:42:50;23,25
1573;12:43:21;23,25
1574;12:43:52;23,25
1575;12:44:23;23,25
1576;12:44:53;23,19
1577;12:45:24;23,19
1578;12:45:55;23,19
1579;12:46:26;23,19
1580;12:46:57;23,25
1581;12:47:28;23,25
1582;12:47:58;23,25
1583;12:48:29;23,13
1584;12:49:00;23,25
1585;12:49:31;23,25
1586;12:50:02;23,13
1587;12:50:32;23,13
1588;12:51:03;23,19
1589;12:51:34;23,19
1590;12:52:05;23,25
1591;12:52:36;23,13
1592;12:53:06;23,13
1593;12:53:37;23,13
1594;12:54:08;23,19
1595;12:54:39;23,19
1596;12:55:10;23,19
1597;12:55:41;23,13
1598;12:56:11;23,19
1599;12:56:42;23,19
1600;12:57:13;23,19
1601;12:57:44;23,25
1602;12:58:15;23,19
1603;12:58:46;23,13
1604;12:59:16;23,19
1605;12:59:47;23,13
1606;13:00:18;23,19
1607;13:00:49;23,19
1608;13:01:20;23,25
1609;13:01:51;23,25
1610;13:02:21;23,19
1611;13:02:52;23,25
1612;13:03:23;23,25
1613;13:03:54;23,25
1614;13:04:24;23,25
1615;13:04:55;23,19
1616;13:05:26;23,25
1617;13:05:57;23,31
1618;13:06:28;23,19
1619;13:06:59;23,19
1620;13:07:29;23,19
1621;13:08:00;23,19
1622;13:08:31;23,19
1623;13:09:02;23,25
1624;13:09:33;23,25
1625;13:10:03;23,25
1626;13:10:34;23,19
1627;13:11:05;23,19
1628;13:11:36;23,25
1629;13:12:07;23,19
1630;13:12:37;23,13
1631;13:13:08;23,13
1632;13:13:39;23,06
1633;13:14:10;23,13
1634;13:14:41;23,13
1635;13:15:11;23,19
1636;13:15:42;23,06
1637;13:16:13;23,13
1638;13:16:44;23,19
1639;13:17:15;23,19
1640;13:17:46;23,19
1641;13:18:16;23,19
1642;13:18:47;23,13
1643;13:19:18;23,25
1644;13:19:49;23,19
1645;13:20:20;23,19
1646;13:20:50;23,19
1647;13:21:21;23,19
1648;13:21:52;23,19
1649;13:22:23;23,25
1650;13:22:54;23,25
1651;13:23:24;23,19
1652;13:23:55;23,19
1653;13:24:26;23,19
1654;13:24:57;23,19
1655;13:25:28;23,19
1656;13:25:59;23,19
1657;13:26:29;23,19
1658;13:27:00;23,13
1659;13:27:31;23,13
1660;13:28:02;23,19
1661;13:28:33;23,13
1662;13:29:04;23,19
1663;13:29:34;23,19
1664;13:30:05;23,19
1665;13:30:36;23,06
1666;13:31:07;23,13
1667;13:31:38;23,13
1668;13:32:08;23,19
1669;13:32:39;23,19
1670;13:33:10;23,19
1671;13:33:41;23,19
1672;13:34:12;23,13
1673;13:34:43;23,06
1674;13:35:13;23,06
1675;13:35:44;23
1676;13:36:15;23
1677;13:36:46;22,94
1678;13:37:17;23
1679;13:37:48;23,06
1680;13:38:18;23,13
1681;13:38:49;23,06
1682;13:39:20;23,06
1683;13:39:51;23
1684;13:40:22;23
1685;13:40:53;23,13
1686;13:41:23;23
1687;13:41:54;23
1688;13:42:25;23
1689;13:42:56;23
1690;13:43:27;23
1691;13:43:58;23
1692;13:44:28;22,94
1693;13:44:59;23,06
1694;13:45:30;23,06
1695;13:46:01;23,06
1696;13:46:32;23,13
1697;13:47:03;23,19
1698;13:47:33;23,13
1699;13:48:04;23,13
1700;13:48:35;23,06
1701;13:49:06;23,13
1702;13:49:37;23,13
1703;13:50:07;23,19
1704;13:50:38;23,19
1705;13:51:09;23,25
1706;13:51:40;23,19
1707;13:52:11;23,13
1708;13:52:41;23,19
1709;13:53:12;23,13
1710;13:53:43;23,25
1711;13:54:14;23,25
1712;13:54:45;23,25
1713;13:55:16;23,19
1714;13:55:46;23,19
1715;13:56:17;23,13
1716;13:56:48;23,13
1717;13:57:19;23,13
1718;13:57:50;23,13
1719;13:58:21;23,13
1720;13:58:51;23,13
1721;13:59:22;23,06
1722;13:59:53;23,06
1723;14:00:24;23,13
1724;14:00:55;23,13
1725;14:01:26;23,13
1726;14:01:56;23,13
1727;14:02:27;23,13
1728;14:02:58;23,06
1729;14:03:29;23,19
1730;14:04:00;23,06
1731;14:04:31;23,13
1732;14:05:01;23,13
1733;14:05:32;23,13
1734;14:06:03;23,13
1735;14:06:34;23,13
1736;14:07:05;23,13
1737;14:07:36;23,19
1738;14:08:06;23,13
1739;14:08:37;23,19
1740;14:09:08;23,13
1741;14:09:39;23,19
1742;14:10:10;23,19
1743;14:10:41;23,13
1744;14:11:11;23,13
1745;14:11:42;23,19
1746;14:12:13;23,19
1747;14:12:44;23,13
1748;14:13:15;23,19
1749;14:13:45;23,19
1750;14:14:16;23,19
1751;14:14:47;23,19
1752;14:15:18;23,19
1753;14:15:49;23,19
1754;14:16:19;23,06
1755;14:16:50;23,13
1756;14:17:21;23,13
1757;14:17:52;23,13
1758;14:18:23;23,06
1759;14:18:54;23,13
1760;14:19:24;23,13
1761;14:19:55;23,19
1762;14:20:26;23,19
1763;14:20:57;23,13
1764;14:21:28;23,13
1765;14:21:59;23,13
1766;14:22:29;23,13
1767;14:23:00;23,19
1768;14:23:31;23,13
1769;14:24:02;23,13
1770;14:24:33;23,19
1771;14:25:04;23,25
1772;14:25:34;23,19
1773;14:26:05;23,25
1774;14:26:36;23,19
1775;14:27:07;23,13
1776;14:27:38;23,19
1777;14:28:08;23,13
1778;14:28:39;23,19
1779;14:29:10;23,19
1780;14:29:41;23,13
1781;14:30:12;23,13
1782;14:30:43;23,13
1783;14:31:13;23,13
1784;14:31:44;23,06
1785;14:32:15;23,13
1786;14:32:46;23,06
1787;14:33:17;23,19
1788;14:33:48;23,06
1789;14:34:18;23,06
1790;14:34:49;23,06
1791;14:35:20;23,13
1792;14:35:51;23,13
1793;14:36:22;23,13
1794;14:36:53;23,19
1795;14:37:23;23,19
1796;14:37:54;23,19
1797;14:38:25;23,25
1798;14:38:56;23,25
1799;14:39:27;23,25
1800;14:39:57;23,25
1801;14:40:28;23,25
1802;14:40:59;23,25
1803;14:41:30;23,19
1804;14:42:01;23,13
1805;14:42:32;23,19
1806;14:43:02;23,13
1807;14:43:33;23,19
1808;14:44:04;23,19
1809;14:44:35;23,25
1810;14:45:06;23,19
1811;14:45:36;23,25
1812;14:46:07;23,19
1813;14:46:38;23,25
1814;14:47:09;23,25
1815;14:47:40;23,25
1816;14:48:11;23,13
1817;14:48:41;23,25
1818;14:49:12;23,19
1819;14:49:43;23,19
1820;14:50:14;23,19
1821;14:50:45;23,25
1822;14:51:15;23,25
1823;14:51:46;23,25
1824;14:52:17;23,25
1825;14:52:48;23,19
1826;14:53:19;23,25
1827;14:53:49;23,19
1828;14:54:20;23,25
1829;14:54:51;23,19
1830;14:55:22;23,19
1831;14:55:53;23,13
1832;14:56:23;23,13
1833;14:56:54;23,13
1834;14:57:25;23,13
1835;14:57:56;23,06
1836;14:58:27;23,19
1837;14:58:58;23,19
1838;14:59:28;23,19
1839;14:59:59;23,19
1840;15:00:30;23,25
1841;15:01:01;23,19
1842;15:01:32;23,19
1843;15:02:02;23,19
1844;15:02:33;23,19
1845;15:03:04;23,19
1846;15:03:35;23,06
1847;15:04:06;23,06
1848;15:04:37;23,06
1849;15:05:07;22,94
1850;15:05:38;22,94
1851;15:06:09;22,94
1852;15:06:40;22,94
1853;15:07:11;23
1854;15:07:42;22,94
1855;15:08:13;22,94
1856;15:08:43;23
1857;15:09:14;22,94
1858;15:09:45;22,94
1859;15:10:16;22,94
1860;15:10:47;22,88
1861;15:11:18;22,94
1862;15:11:48;22,94
1863;15:12:19;22,94
1864;15:12:50;22,94
1865;15:13:21;22,88
1866;15:13:51;22,94
1867;15:14:22;22,88
1868;15:14:53;22,81
1869;15:15:24;22,81
1870;15:15:55;22,75
1871;15:16:26;22,81
1872;15:16:56;22,81
1873;15:17:27;22,88
1874;15:17:58;22,88
1875;15:18:29;22,88
1876;15:19:00;22,81
1877;15:19:31;22,88
1878;15:20:02;22,81
1879;15:20:32;22,81
1880;15:21:03;22,81
1881;15:21:34;22,81
1882;15:22:05;22,81
1883;15:22:36;22,81
1884;15:23:07;22,81
1885;15:23:38;22,81
1886;15:24:08;22,94
1887;15:24:39;22,94
1888;15:25:10;22,94
1889;15:25:41;22,94
1890;15:26:12;22,88
1891;15:26:43;22,94
1892;15:27:13;22,88
1893;15:27:44;22,88
1894;15:28:15;22,94
1895;15:28:46;23
1896;15:29:17;22,94
1897;15:29:47;23
1898;15:30:18;23,06
1899;15:30:49;22,94
1900;15:31:20;22,94
1901;15:31:51;22,94
1902;15:32:21;22,94
1903;15:32:52;22,94
1904;15:33:23;22,94
1905;15:33:54;22,94
1906;15:34:25;22,94
1907;15:34:55;22,94
1908;15:35:26;22,88
1909;15:35:57;22,94
1910;15:36:28;22,88
1911;15:36:59;22,88
1912;15:37:29;22,88
1913;15:38:00;22,88
1914;15:38:31;22,88
1915;15:39:02;22,94
1916;15:39:33;23
1917;15:40:04;22,94
1918;15:40:35;22,88
1919;15:41:05;22,94
1920;15:41:36;22,88
1921;15:42:07;22,94
1922;15:42:38;22,88
1923;15:43:09;22,81
1924;15:43:39;22,88
1925;15:44:10;22,81
1926;15:44:41;22,81
1927;15:45:12;22,75
1928;15:45:43;22,81
1929;15:46:14;22,81
1930;15:46:44;22,88
1931;15:47:15;22,94
1932;15:47:46;22,88
1933;15:48:17;22,88
1934;15:48:48;22,81
1935;15:49:19;22,81
1936;15:49:50;22,81
1937;15:50:20;22,75
1938;15:50:51;22,75
1939;15:51:22;22,63
1940;15:51:53;22,69
1941;15:52:24;22,69
1942;15:52:55;22,75
1943;15:53:25;22,75
1944;15:53:56;22,69
1945;15:54:27;22,75
1946;15:54:58;22,75
1947;15:55:29;22,69
1948;15:56:00;22,75
1949;15:56:30;22,81
1950;15:57:01;22,88
1951;15:57:32;22,88
1952;15:58:03;22,88
1953;15:58:34;22,88
1954;15:59:05;22,94
1955;15:59:35;22,88
1956;16:00:06;22,88
1957;16:00:37;22,81
1958;16:01:08;22,88
1959;16:01:39;22,75
1960;16:02:09;22,81
1961;16:02:40;22,75
1962;16:03:11;22,75
1963;16:03:42;22,81
1964;16:04:13;22,75
1965;16:04:44;22,75
1966;16:05:15;22,81
1967;16:05:45;22,81
1968;16:06:16;22,75
1969;16:06:47;22,75
1970;16:07:18;22,69
1971;16:07:49;22,75
1972;16:08:20;22,69
1973;16:08:50;22,69
1974;16:09:21;22,69
1975;16:09:52;22,69
1976;16:10:23;22,75
1977;16:10:54;22,69
1978;16:11:25;22,69
1979;16:11:55;22,69
1980;16:12:26;22,69
1981;16:12:57;22,69
1982;16:13:28;22,75
1983;16:13:59;22,75
1984;16:14:29;22,75
1985;16:15:00;22,81
1986;16:15:31;22,88
1987;16:16:02;22,81
1988;16:16:33;22,81
1989;16:17:04;22,88
1990;16:17:34;22,94
1991;16:18:05;22,88
1992;16:18:36;22,88
1993;16:19:07;22,88
1994;16:19:38;22,88
1995;16:20:09;22,94
1996;16:20:40;23
1997;16:21:10;23
1998;16:21:41;23
1999;16:22:12;23
2000;16:22:43;23
2001;16:23:14;23,13
2002;16:23:45;23
2003;16:24:15;23,06
2004;16:24:46;23,06
2005;16:25:17;23,06
2006;16:25:48;23
2007;16:26:19;23,06
2008;16:26:50;23
2009;16:27:20;23,06
2010;16:27:51;23,13
2011;16:28:22;23,06
2012;16:28:53;23,06
2013;16:29:24;23
2014;16:29:54;23
2015;16:30:25;23,06
2016;16:30:56;23,06
2017;16:31:27;22,88
2018;16:31:58;22,88
2019;16:32:29;22,88
2020;16:32:59;22,81
2021;16:33:30;22,94
2022;16:34:01;22,88
2023;16:34:32;22,75
2024;16:35:03;22,75
2025;16:35:34;22,75
2026;16:36:05;22,75
2027;16:36:35;22,81
2028;16:37:06;22,88
2029;16:37:37;22,81
2030;16:38:08;22,81
2031;16:38:39;22,88
2032;16:39:10;22,75
2033;16:39:41;22,75
2034;16:40:11;22,75
2035;16:40:42;22,81
2036;16:41:13;22,75
2037;16:41:44;22,81
2038;16:42:15;22,75
2039;16:42:46;22,75
2040;16:43:16;22,81
2041;16:43:47;22,81
2042;16:44:18;22,81
2043;16:44:49;22,88
2044;16:45:20;22,75
2045;16:45:51;22,81
2046;16:46:21;22,81
2047;16:46:52;22,88
2048;16:47:23;22,81
2049;16:47:54;22,81
2050;16:48:25;22,81
2051;16:48:56;22,88
2052;16:49:26;22,94
2053;16:49:57;22,88
2054;16:50:28;22,88
2055;16:50:59;22,88
2056;16:51:30;22,75
2057;16:52:00;22,88
2058;16:52:31;22,88
2059;16:53:02;22,94
2060;16:53:33;22,94
2061;16:54:04;22,88
2062;16:54:35;22,94
2063;16:55:05;22,88
2064;16:55:36;22,88
2065;16:56:07;22,94
2066;16:56:38;23
2067;16:57:09;23
2068;16:57:40;22,94
2069;16:58:10;22,94
2070;16:58:41;23
2071;16:59:12;22,94
2072;16:59:43;22,94
2073;17:00:14;22,94
2074;17:00:45;22,88
2075;17:01:15;22,94
2076;17:01:46;22,94
2077;17:02:17;23,06
2078;17:02:48;23,13
2079;17:03:19;23,13
2080;17:03:50;23,19
2081;17:04:20;23,06
2082;17:04:51;23,13
2083;17:05:22;23,13
2084;17:05:53;23,13
2085;17:06:24;23,06
2086;17:06:55;23
2087;17:07:25;23,06
2088;17:07:56;23,06
2089;17:08:27;23,13
2090;17:08:58;23,19
2091;17:09:29;23,25
2092;17:10:00;23,19
2093;17:10:30;23,13
2094;17:11:01;23,06
2095;17:11:32;23,06
2096;17:12:03;23,19
2097;17:12:34;23,19
2098;17:13:04;23,38
2099;17:13:35;23,31
2100;17:14:06;23,38
2101;17:14:37;23,38
2102;17:15:08;23,38
2103;17:15:38;23,25
2104;17:16:09;23,31
2105;17:16:40;23,25
2106;17:17:11;23,25
2107;17:17:41;23,25
2108;17:18:12;23,13
2109;17:18:43;23,13
2110;17:19:14;23,06
2111;17:19:45;23
2112;17:20:16;22,94
2113;17:20:47;22,94
2114;17:21:17;22,94
2115;17:21:48;23
2116;17:22:19;23,06
2117;17:22:50;23
2118;17:23:21;23
2119;17:23:51;23
2120;17:24:22;23,06
2121;17:24:53;23
2122;17:25:24;23
2123;17:25:55;23
2124;17:26:26;23
2125;17:26:56;23,13
2126;17:27:27;23,06
2127;17:27:58;23,06
2128;17:28:29;23,13
2129;17:29:00;23,19
2130;17:29:31;23,06
2131;17:30:01;23,13
2132;17:30:32;23,06
2133;17:31:03;23,06
2134;17:31:34;23,06
2135;17:32:05;23
2136;17:32:36;23
2137;17:33:06;23,06
2138;17:33:37;23
2139;17:34:08;23,13
2140;17:34:39;23,06
2141;17:35:10;23,19
2142;17:35:40;23,06
2143;17:36:11;23,06
2144;17:36:42;23,13
2145;17:37:13;23,13
2146;17:37:44;23,06
2147;17:38:15;23,06
2148;17:38:45;23,06
2149;17:39:16;23,06
2150;17:39:47;23,06
2151;17:40:49;23,06
2152;17:41:20;23,06
2153;17:41:51;23,06
2154;17:42:21;23,06
2155;17:42:52;23,13
2156;17:43:23;23,13
2157;17:43:54;23,13
2158;17:44:25;23,13
2159;17:44:56;23,13
2160;17:45:26;23,19
2161;17:45:57;23,19
2162;17:46:28;23,13
2163;17:46:59;23,13
2164;17:47:30;23,13
2165;17:48:00;23,13
2166;17:48:31;23,06
2167;17:49:02;23,13
2168;17:49:33;23,13
2169;17:50:04;23,13
2170;17:50:35;23,13
2171;17:51:06;23,13
2172;17:51:36;23,13
2173;17:52:07;23,06
2174;17:52:38;23,13
2175;17:53:09;23,13
2176;17:53:40;23,06
2177;17:54:11;23
2178;17:54:41;22,94
2179;17:55:12;23,06
2180;17:55:43;23,06
2181;17:56:14;23,06
2182;17:56:45;23,13
2183;17:57:16;23,19
2184;17:57:46;23,19
2185;17:58:17;23,06
2186;17:58:48;23,13
2187;17:59:19;23,13
2188;17:59:50;23,06
2189;18:00:20;23,06
2190;18:00:51;23,06
2191;18:01:22;23
2192;18:01:53;23
2193;18:02:24;23
2194;18:02:55;23
2195;18:03:25;23
2196;18:03:56;22,94
2197;18:04:27;23
2198;18:04:58;22,94
2199;18:05:29;23
2200;18:06:00;23,13
2201;18:06:30;23,06
2202;18:07:01;23,06
2203;18:07:32;23,06
2204;18:08:03;23,06
2205;18:08:34;23,06
2206;18:09:05;23,13
2207;18:09:35;23,06
2208;18:10:06;23,06
2209;18:10:37;23,06
2210;18:11:08;23,06
2211;18:11:39;23,13
2212;18:12:10;23,13
2213;18:12:40;23,13
2214;18:13:11;23,13
2215;18:13:42;23,06
2216;18:14:13;23,06
2217;18:14:44;23
2218;18:15:15;23
2219;18:15:45;23
2220;18:16:16;23,06
2221;18:16:47;23,06
2222;18:17:18;23,13
2223;18:17:49;23,19
2224;18:18:20;23,13
2225;18:18:50;23,13
2226;18:19:21;23,13
2227;18:19:52;23,13
2228;18:20:23;23,19
2229;18:20:54;23,19
2230;18:21:25;23,19
2231;18:21:55;23,19
2232;18:22:26;23,13
2233;18:22:57;23,13
2234;18:23:28;23,19
2235;18:23:59;23,19
2236;18:24:29;23,31
2237;18:25:00;23,25
2238;18:25:31;23,19
2239;18:26:02;23,13
2240;18:26:33;23,19
2241;18:27:04;23,19
2242;18:27:34;23,19
2243;18:28:05;23,19
2244;18:28:36;23,19
2245;18:29:07;23,25
2246;18:29:38;23,19
2247;18:30:08;23,19
2248;18:30:39;23,25
2249;18:31:10;23,25
2250;18:31:41;23,19
2251;18:32:12;23,13
2252;18:32:42;23,13
2253;18:33:13;23,19
2254;18:33:44;23,19
2255;18:34:15;23,25
2256;18:34:46;23,19
2257;18:35:17;23,19
2258;18:35:47;23,19
2259;18:36:18;23,19
2260;18:36:49;23,13
2261;18:37:20;23,13
2262;18:37:51;23,19
2263;18:38:22;23,13
2264;18:38:52;23,13
2265;18:39:23;23,19
2266;18:39:54;23,13
2267;18:40:25;23,19
2268;18:40:56;23,13
2269;18:41:26;23,13
2270;18:41:57;23,06
2271;18:42:28;23,06
2272;18:42:59;23,13
2273;18:43:30;23,06
2274;18:44:01;23,06
2275;18:44:31;23,19
2276;18:45:02;23,19
2277;18:45:33;23,25
2278;18:46:04;23,31
2279;18:46:35;23,25
2280;18:47:06;23,31
2281;18:47:36;23,31
2282;18:48:07;23,31
2283;18:48:38;23,44
2284;18:49:09;23,5
2285;18:49:40;23,44
2286;18:50:10;23,5
2287;18:50:41;23,44
2288;18:51:12;23,38
2289;18:51:43;23,38
2290;18:52:14;23,31
2291;18:52:45;23,31
2292;18:53:15;23,31
2293;18:53:46;23,19
2294;18:54:17;23,25
2295;18:54:48;23,19
2296;18:55:19;23,25
2297;18:55:49;23,25
2298;18:56:20;23,25
2299;18:56:51;23,25
2300;18:57:22;23,25
2301;18:57:53;23,25
2302;18:58:23;23,25
2303;18:58:54;23,25
2304;18:59:25;23,25
2305;18:59:56;23,25
2306;19:00:26;23,19
2307;19:00:57;23,19
2308;19:01:28;23,19
2309;19:01:59;23,19
2310;19:02:30;23,25
2311;19:03:01;23,19
2312;19:03:31;23,19
2313;19:04:02;23,13
2314;19:04:33;23,19
2315;19:05:04;23,19
2316;19:05:35;23,19
2317;19:06:05;23,25
2318;19:06:36;23,06
2319;19:07:07;23,13
2320;19:07:38;23,19
2321;19:08:09;23,19
2322;19:08:40;23,19
2323;19:09:10;23,25
2324;19:09:41;23,25
2325;19:10:12;23,19
2326;19:10:43;23,19
2327;19:11:14;23,25
2328;19:11:44;23,25
2329;19:12:15;23,25
2330;19:12:46;23,31
2331;19:13:17;23,25
2332;19:13:48;23,31
2333;19:14:18;23,38
2334;19:14:49;23,31
2335;19:15:20;23,25
2336;19:15:51;23,25
2337;19:16:22;23,25
2338;19:16:52;23,25
2339;19:17:23;23,19
2340;19:17:54;23,19
2341;19:18:25;23,19
2342;19:18:56;23,19
2343;19:19:26;23,19
2344;19:19:57;23,19
2345;19:20:28;23,19
2346;19:20:59;23,13
2347;19:21:30;23,19
2348;19:22:00;23,19
2349;19:22:31;23,13
2350;19:23:02;23,06
2351;19:23:33;23,06
2352;19:24:04;23,13
2353;19:24:35;23,13
2354;19:25:05;23,13
2355;19:25:36;23,13
2356;19:26:07;23,13
2357;19:26:38;23,13
2358;19:27:09;23,19
2359;19:27:40;23,19
2360;19:28:11;23,19
2361;19:28:41;23,25
2362;19:29:12;23,19
2363;19:29:43;23,19
2364;19:30:14;23,19
2365;19:30:45;23,19
2366;19:31:15;23,19
2367;19:31:46;23,19
2368;19:32:17;23,19
2369;19:32:48;23,25
2370;19:33:19;23,19
2371;19:33:49;23,25
2372;19:34:20;23,19
2373;19:34:51;23,25
2374;19:35:22;23,25
2375;19:35:53;23,19
2376;19:36:23;23,25
2377;19:36:54;23,19
2378;19:37:25;23,19
2379;19:37:56;23,13
2380;19:38:27;23,19
2381;19:38:58;23,19
